<?xml version="1.0"  encoding="UTF-8"?>
<!DOCTYPE objectModel SYSTEM "HLA.dtd">
<objectModel
  DTDversion="1516.2"
  name="xxx"
  nameNotes="xxx"
  type="xxx"
  typeNotes="xxx"
  version="xxx"
  versionNotes="xxx"
  date="xxx"
  dateNotes="xxx"
  purpose="xxx"
  purposeNotes="xxx"
  appDomain="xxx"
  appDomainNotes="xxx"
  sponsor="xxx"
  sponsorNotes="xxx"
  pocName="xxx"
  pocNameNotes="xxx"
  pocOrg="xxx"
  pocOrgNotes="xxx"
  pocPhone="xxx"
  pocPhoneNotes="xxx"
  pocEmail="xxx"
     pocEmailNotes="xxx"
     references="xxx"
     referencesNotes="xxx"
     other="xxx"
     otherNotes="xxx">
     <objects>
        <objectClass name="HLAobjectRoot">
            <attribute name="HLAprivilegeToDeleteObject"/>
            <objectClass
                name="xxx"
                nameNotes="xxx"
                sharing="xxx"
                sharingNotes="xxx"
                semantics="xxx"
                semanticsNotes="xxx">
                <attribute
                   name="xxx"
                   nameNotes="xxx"
                   dataType="xxx"
                   dataTypeNotes="xxx"
                   updateType="xxx"
                   updateTypeNotes="xxx"
                   updateCondition="xxx"
                   updateConditionNotes="xxx"
                   ownership="xxx"
                   ownershipNotes="xxx"
                   sharing="xxx"
                   sharingNotes="xxx"
                   dimensions="xxx"
                   dimensionsNotes="xxx"
                   transportation="xxx"
                   transportationNotes="xxx"
                   order="xxx"
                   orderNotes="xxx"
                   semantics="xxx"
                   semanticsNotes="xxx"/>
            </objectClass>
        </objectClass>
     </objects>
     <interactions>
        <interactionClass name="HLAinteractionRoot">
            <interactionClass
                name="xxx"
                nameNotes="xxx"
                sharing="xxx"
                sharingNotes="xxx"
                dimensions="xxx"
                dimensionsNotes="xxx"
                transportation="xxx"
                transportationNotes="xxx"
                order="xxx"
                orderNotes="xxx"
                semantics="xxx"
                semanticsNotes="xxx">
                <parameter
                   name="xxx"
                    nameNotes="xxx"
                    dataType="xxx"
                    dataTypeNotes="xxx"
                    semantics="xxx"
                    semanticsNotes="xxx"/>
            </interactionClass>
        </interactionClass>
   </interactions>
   <dimensions>
        <dimension
            name="xxx"
            nameNotes="xxx"
            dataType="xxx"
            dataTypeNotes="xxx"
            upperBound="xxx"
            upperBoundNotes="xxx"
            normalization="xxx"
            normalizationNotes="xxx"
            value="xxx"
            valueNotes="xxx"/>
   </dimensions>
   <time>
        <timeStamp
            dataType="xxx"
            dataTypeNotes="xxx"
            semantics="xxx"
            semanticsNotes="xxx"/>
        <lookahead
            dataType="xxx"
            dataTypeNotes="xxx"
            semantics="xxx"
            semanticsNotes="xxx"/>
   </time>
   <tags>
        <updateReflectTag
            dataType="xxx"
            dataTypeNotes="xxx"
            semantics="xxx"
            semanticsNotes="xxx"/>
        <sendReceiveTag
            dataType="xxx"
            dataTypeNotes="xxx"
            semantics="xxx"
            semanticsNotes="xxx"/>
        <deleteRemoveTag
            dataType="xxx"
            dataTypeNotes="xxx"
            semantics="xxx"
            semanticsNotes="xxx"/>
        <divestitureRequestTag
            dataType="xxx"
            dataTypeNotes="xxx"
            semantics="xxx"
            semanticsNotes="xxx"/>
        <divestitureCompletionTag
            dataType="xxx"
            dataTypeNotes="xxx"
            semantics="xxx"
            semanticsNotes="xxx"/>
        <acquisitionRequestTag
            dataType="xxx"
            dataTypeNotes="xxx"
            semantics="xxx"
            semanticsNotes="xxx"/>
        <requestUpdateTag
            dataType="xxx"
            dataTypeNotes="xxx"
            semantics="xxx"
            semanticsNotes="xxx"/>
     </tags>
     <synchronizations>
        <synchronization
            label="xxx"
            labelNotes="xxx"
            dataType="xxx"
            dataTypeNotes="xxx"
            capability="xxx"
            capabilityNotes="xxx"
            semantics="xxx"
            semanticsNotes="xxx"/>
     </synchronizations>
     <transportations>
        <transportation
            name="xxx"
            nameNotes="xxx"
            description="xxx"
            descriptionNotes="xxx"/>
         </transportations>
         <switches
        autoProvide="xxx"
        autoProvideNotes="xxx"
        conveyRegionDesignatorSets="xxx"
        conveyRegionDesignatorSetsNotes="xxx"
        attributeScopeAdvisory="xxx"
        attributeScopeAdvisoryNotes="xxx"
        attributeRelevanceAdvisory="xxx"
        attributeRelevanceAdvisoryNotes="xxx"
        objectClassRelevanceAdvisory="xxx"
        objectClassRelevanceAdvisoryNotes="xxx"
        interactionRelevanceAdvisory="xxx"
        interactionRelevanceAdvisoryNotes="xxx"
        serviceReporting="xxx"
        serviceReportingNotes="xxx"/>
     <dataTypes>
        <basicDataRepresentations>
            <basicData
                name="xxx"
                nameNotes="xxx"
                size="xxx"
                sizeNotes="xxx"
                interpretation="xxx"
                interpretationNotes="xxx"
                endian="xxx"
                endianNotes="xxx"
                encoding="xxx"
                encodingNotes="xxx"/>
        </basicDataRepresentations>
        <simpleDataTypes>
            <simpleData
                name="xxx"
                nameNotes="xxx"
                representation="xxx"
                representationNotes="xxx"
                units="xxx"
                unitsNotes="xxx"
                resolution="xxx"
                resolutionNotes="xxx"
                accuracy="xxx"
                accuracyNotes="xxx"
                semantics="xxx"
                semanticsNotes="xxx"/>
        </simpleDataTypes>
        <enumeratedDataTypes>
            <enumeratedData
                name="xxx"
                nameNotes="xxx"
                representation="xxx"
                representationNotes="xxx"
                semantics="xxx"
                semanticsNotes="xxx">
                <enumerator
                    name="xxx"
                    nameNotes="xxx"
                    values="xxx"
                    valuesNotes="xxx"/>
            </enumeratedData>
        </enumeratedDataTypes>
        <arrayDataTypes>
            <arrayData
                name="xxx"
                nameNotes="xxx"
                dataType="xxx"
                dataTypeNotes="xxx"
                cardinality="xxx"
                cardinalityNotes="xxx"
                encoding="xxx"
                encodingNotes="xxx"
                semantics="xxx"
                semanticsNotes="xxx"/>
        </arrayDataTypes>
        <fixedRecordDataTypes>
            <fixedRecordData
                name="xxx"
                nameNotes="xxx"
                encoding="xxx"
                encodingNotes="xxx"
                semantics="xxx"
                semanticsNotes="xxx">
                <field
                    name="xxx"
                    nameNotes="xxx"
                    dataType="xxx"
                    dataTypeNotes="xxx"
                    semantics="xxx"
                    semanticsNotes="xxx"/>
            </fixedRecordData>
        </fixedRecordDataTypes>
        <variantRecordDataTypes>
            <variantRecordData
                name="xxx"
                nameNotes="xxx"
                discriminant="xxx"
                discriminantNotes="xxx"
                dataType="xxx"
                dataTypeNotes="xxx"
                encoding="xxx"
                encodingNotes="xxx"
                semantics="xxx"
                semanticsNotes="xxx">
                <alternative
                   enumerator="xxx"
                   enumeratorNotes="xxx"
                   name="xxx"
                   nameNotes="xxx"
                   dataType="xxx"
                   dataTypeNotes="xxx"
                   semantics="xxx"
                   semanticsNotes="xxx"/>
            </variantRecordData>
        </variantRecordDataTypes>
     </dataTypes>
     <notes>
        <note
            name="xxx"
            semantics="xxx"
            semanticsNotes="xxx"/>
        </notes>
     </objectModel>
